Date,China: Industrial Capacity Utilization:PoP chg,Wind Consensus: China: PMI:PoP chg,China: Non-manufacturing PMI: Service Industry:PoP chg,China: Non-manufacturing PMI: Service Industry: New Orders:PoP chg,China: Non-manufacturing PMI: Construction:PoP chg,China: Non-manufacturing PMI: Construction: New Orders:PoP chg,China: Non-manufacturing PMI: New Orders:PoP chg,China: Steel Industry PMI:PoP chg,China: Industrial Added Value Above Designated Size: Mining: YoY,China: Industrial Added Value Above Designated Size: YoY,China: Industrial Added Value Above Designated Size: Electric Power, Gas and Water Production and Supply: YoY,China: Industrial Added Value Above Designated Size: Fixed-base Index:PoP GROWTHRATE,China: Industrial Added Value Above Designated Size: High-Tech Industry: YoY,China: Industrial Added Value Above Designated Size: Manufacturing: YoY,China: Business Climate Index:PoP chg,China: Business Climate Index: Spot Index:PoP chg,China: Business Climate Index: Expectation Index:PoP chg,China: Manufacturing PMI:PoP chg,China: Manufacturing PMI: New Orders:PoP chg,China Electricity Coal of Purchasing Manager Index: Composite Index:PoP chg,China Forestry Purchasing Managers' Index:PoP chg
1/31/90,,,,,,,,,,-21.1,,,,,,,,,,,,
2/28/90,,,,,,,,,,5,,,,,,,,,,,,
3/31/90,,,,,,,,,,0.8,,,,,,,,,,,,
4/30/90,,,,,,,,,,1.7,,,,,,,,,,,,
5/31/90,,,,,,,,,,3.3,,,,,,,,,,,,
6/30/90,,,,,,,,,,5,,,,,,,,,,,,
7/31/90,,,,,,,,,,2.5,,,,,,,,,,,,
8/31/90,,,,,,,,,,4.2,,,,,,,,,,,,
9/30/90,,,,,,,,,,6.7,,,,,,,,,,,,
10/31/90,,,,,,,,,,10.9,,,,,,,,,,,,
11/30/90,,,,,,,,,,12.6,,,,,,,,,,,,
12/31/90,,,,,,,,,,12.6,,,,,,,,,,,,
1/31/91,,,,,,,,,,23.5,,,,,,,,,,,,
2/28/91,,,,,,,,,,9.2,,,,,,,,,,,,
3/31/91,,,,,,,,,,10.9,,,,,,,,,,,,
4/30/91,,,,,,,,,,10.9,,,,,,,,,,,,
5/31/91,,,,,,,,,,10.9,,,,,,,,,,,,
6/30/91,,,,,,,,,,9.2,,,,,,,,,,,,
7/31/91,,,,,,,,,,10.9,,,,,,,,,,,,
8/31/91,,,,,,,,,,11.8,,,,,,,,,,,,
9/30/91,,,,,,,,,,12.6,,,,,,,,,,,,
10/31/91,,,,,,,,,,11.8,,,,,,,,,,,,
11/30/91,,,,,,,,,,7.6,,,,,,,,,,,,
12/31/91,,,,,,,,,,5,,,,,,,,,,,,
1/31/92,,,,,,,,,,10.9,,,,,,,,,,,,
2/29/92,,,,,,,,,,18.5,,,,,,,,,,,,
3/31/92,,,,,,,,,,16.8,,,,,,,,,,,,
4/30/92,,,,,,,,,,15.1,,,,,,,,,,,,
5/31/92,,,,,,,,,,14.3,,,,,,,,,,,,
6/30/92,,,,,,,,,,16.8,,,,,,,,,,,,
7/31/92,,,,,,,,,,19.3,,,,,,,,,,,,
8/31/92,,,,,,,,,,17.6,,,,,,,,,,,,
9/30/92,,,,,,,,,,17.6,,,,,,,,,,,,
10/31/92,,,,,,,,,,18.5,,,,,,,,,,,,
11/30/92,,,,,,,,,,21.8,,,,,,,,,,,,
12/31/92,,,,,,,,,,26.9,,,,,,,,,,,,
1/31/93,,,,,,,,,,8.4,,,,,,,,,,,,
2/28/93,,,,,,,,,,27.7,,,,,,,,,,,,
3/31/93,,,,,,,,,,21.8,,,,,,,,,,,,
4/30/93,,,,,,,,,,21,,,,,,,,,,,,
5/31/93,,,,,,,,,,22.7,,,,,,,,,,,,
6/30/93,,,,,,,,,,25.2,,,,,,,,,,,,
7/31/93,,,,,,,,,,21,,,,,,,,,,,,
8/31/93,,,,,,,,,,19.3,,,,,,,,,,,,
9/30/93,,,,,,,,,,16,,,,,,,,,,,,
10/31/93,,,,,,,,,,13.4,,,,,,,,,,,,
11/30/93,,,,,,,,,,16,,,,,,,,,,,,
12/31/93,,,,,,,,,,25.2,,,,,,,,,,,,
1/31/94,,,,,,,,,,27.7,,,,,,,,,,,,
2/28/94,,,,,,,,,,3.4,,,,,,,,,,,,
3/31/94,,,,,,,,,,16,,,,,,,,,,,,
4/30/94,,,,,,,,,,16.8,,,,,,,,,,,,
5/31/94,,,,,,,,,,17.6,,,,,,,,,,,,
6/30/94,,,,,,,,,,15.1,,,,,,,,,,,,
7/31/94,,,,,,,,,,15.1,,,,,,,,,,,,
8/31/94,,,,,,,,,,29.4,,,,,,,,,,,,
9/30/94,,,,,,,,,,21.8,,,,,,,,,,,,
10/31/94,,,,,,,,,,24.4,,,,,,,,,,,,
11/30/94,,,,,,,,,,23.5,,,,,,,,,,,,
12/31/94,,,,,,,,,,18.5,,,,,,,,,,,,
1/31/95,,,,,,,,,,11.4,,,,,,,,,,,,
2/28/95,,,,,,,,,,15.5,,,,,,,,,,,,
3/31/95,,,,,,,,,,16.4,,,,,,,,,,,,
4/30/95,,,,,,,,,,15.4,,,,,,,,,,,,
5/31/95,,,,,,,,,,13.1,,,,,,,,,,,,
6/30/95,,,,,,,,,,13.9,,,,,,,,,,,,
7/31/95,,,,,,,,,,13.6,,,,,,,,,,,,
8/31/95,,,,,,,,,,11.8,,,,,,,,,,,,
9/30/95,,,,,,,,,,11.4,,,,,,,,,,,,
10/31/95,,,,,,,,,,12.9,,,,,,,,,,,,
11/30/95,,,,,,,,,,12.1,,,,,,,,,,,,
12/31/95,,,,,,,,,,14.9,,,,,,,,,,,,
1/31/96,,,,,,,,,,16.9,,,,,,,,,,,,
2/29/96,,,,,,,,,,12.2,,,,,,,,,,,,
3/31/96,,,,,,,,,,12.2,,,,,,,,,,,,
4/30/96,,,,,,,,,,13.7,,,,,,,,,,,,
5/31/96,,,,,,,,,,13.1,,,,,,,,,,,,
6/30/96,,,,,,,,,,13.8,,,,,,,,,,,,
7/31/96,,,,,,,,,,12.2,,,,,,,,,,,,
8/31/96,,,,,,,,,,10.6,,,,,,,,,,,,
9/30/96,,,,,,,,,,13.7,,,,,,,,,,,,
10/31/96,,,,,,,,,,13.3,,,,,,,,,,,,
11/30/96,,,,,,,,,,13.4,,,,,,,,,,,,
12/31/96,,,,,,,,,,14,,,,,,,,,,,,
1/31/97,,,,,,,,,,10.3,,,,,,,,,,,,
2/28/97,,,,,,,,,,10.4,,,,,,,,,,,,
3/31/97,,,,,,,,,,13.5,,,,,,,,,,,,
4/30/97,,,,,,,,,,11.9,,,,,,,,,,,,
5/31/97,,,,,,,,,,11.9,,,,,,,,,,,,
6/30/97,,,,,,,,,,12.1,,,,,,,,,,,,
7/31/97,,,,,,,,,,8.4,,,,,,,,,,,,
8/31/97,,,,,,,,,,10.9,,,,,,,,,,,,
9/30/97,,,,,,,,,,11.1,,,,,,,,,,,,
10/31/97,,,,,,,,,,11.8,,,,,,,,,,,,
11/30/97,,,,,,,,,,11.6,,,,,,,,,,,,
12/31/97,,,,,,,,,,9.2,,,,,,,,,,,,
1/31/98,,,,,,,,,,1.8,,,,,,,,,,,,
2/28/98,,,,,,,,,,9.5,,,,,,,,,,,,
3/31/98,,,,,,,,,,9,,,,,,,,,,,,
4/30/98,,,,,,,,,,7.2,,,,,,,,,,,,
5/31/98,,,,,,,,,,8,,,,,,,,,,,,
6/30/98,,,,,,,,,,7.9,,,,,,,,,,,,
7/31/98,,,,,,,,,,7.6,,,,,,,,,,,,
8/31/98,,,,,,,,,,7.9,,,,,,,,,,,,
9/30/98,,,,,,,,,,10.2,,,,,,,,,,,,
10/31/98,,,,,,,,,,10.6,,,,,,,,,,,,
11/30/98,,,,,,,,,,11,,,,,,,,,,,,
12/31/98,,,,,,,,,,11.5,,,,,,,,,,,,
1/31/99,,,,,,,,,,17.9,,,,,,,,,,,,
2/28/99,,,,,,,,,,2.1,,,,,,,,,,,,
3/31/99,,,,,,,,,,9,,,,,,,,,,,,
4/30/99,,,,,,,,,,9.1,,,,,,,,,,,,
5/31/99,,,,,,,,,,8.9,,,,,,,,,,,,
6/30/99,,,,,,,,,,9.1,,,,,,,,,,,,
7/31/99,,,,,,,,,,9.3,,,,,,,,,,,,
8/31/99,,,,,,,,,,9.5,,,,,,,,,,,,
9/30/99,,,,,,,,,,8.2,,,,,,,,,,,,
10/31/99,,,,,,,,,,7,,,,,,,,,,,,
11/30/99,,,,,,,,,,7.6,,,,,,,,,,,,
12/31/99,,,,,,,,,,7.4,,,,,,,,,,,,
1/31/00,,,,,,,,,,8.9,,,,,,,,,,,,
2/29/00,,,,,,,,,,12,,,,,,,,,,,,
3/31/00,,,,,,,,,,11.9,,,,,,,,,,,,
4/30/00,,,,,,,,,,11.4,,,,,,,,,,,,
5/31/00,,,,,,,,,,11.5,,,,,,,,,,,,
6/30/00,,,,,,,,,,12.2,,,,,,,,,,,,
7/31/00,,,,,,,,,,12.8,,,,,,,,,,,,
8/31/00,,,,,,,,,,12.8,,,,,,,,,,,,
9/30/00,,,,,,,,,,12,,,,,,,,,,,,
10/31/00,,,,,,,,,,11.4,,,,,,,,,,,,
11/30/00,,,,,,,,,,10.6,,,,,,,,,,,,
12/31/00,,,,,,,,,,10.4,,,,,,,,,,,,
1/31/01,,,,,,,,,,2.3,,,,,,,,,,,,
2/28/01,,,,,,,,,,19,,,,,,,,,,,,
3/31/01,,,,,,,,,,12.1,,,,,118.56,,,,,,,
4/30/01,,,,,,,,,,11.5,,,,,,,,,,,,
5/31/01,,,,,,,,,,10.2,,,,,,,,,,,,
6/30/01,,,,,,,,,,10.1,,,,,6.55,,,,,,,
7/31/01,,,,,,,,,,8.1,,,,,,,,,,,,
8/31/01,,,,,,,,,,8.1,,,,,,,,,,,,
9/30/01,,,,,,,,,,9.5,,,,,-5.32,,,,,,,
10/31/01,,,,,,,,,,8.8,,,,,,,,,,,,
11/30/01,,,,,,,,,,7.9,,,,,,,,,,,,
12/31/01,,,,,,,,,,8.7,,,,,-2.22,,,,,,,
1/31/02,,,,,,,,,,18.6,,,,,,,,,,,,
2/28/02,,,,,,,,,,2.7,,,,,,,,,,,,
3/31/02,,,,,,,,,,10.9,,,,,0.41,,,,,,,
4/30/02,,,,,,,,,,12.1,,,,,,,,,,,,
5/31/02,,,,,,,,,,12.9,,,,,,,,,,,,
6/30/02,,,,,,,,,,12.4,,,,,7.47,,,,,,,
7/31/02,,,,,,,,,,12.8,,,,,,,,,,,,
8/31/02,,,,,,,,,,12.7,,,,,,,,,,,,
9/30/02,,,,,,,,,,13.8,,,,,1.53,,,,,,,
10/31/02,,,,,,,,,,14.2,,,,,,,,,,,,
11/30/02,,,,,,,,,,14.5,,,,,,,,,,,,
12/31/02,,,,,,,,,,14.9,,,,,2.12,,,,,,,
1/31/03,,,,,,,,,,14.8,,,,,,,,,,,,
2/28/03,,,,,,,,,,19.8,,,,,,,,,,,,
3/31/03,,,,,,,,,,16.9,,,,,2.11,,,,,,,
4/30/03,,,,,,,,,,14.9,,,,,,,,,,,,
5/31/03,,,,,,,,,,13.7,,,,,,,,,,,,
6/30/03,,,,,,,,,,16.9,,,,,-14.61,,,,,,,
7/31/03,,,,,,,,,,16.5,,,,,,,,,,,,
8/31/03,,,,,,,,,,17.1,,,,,,,,,,,,
9/30/03,,,,,,,,,,16.3,,,,,16.35,,,,,,,
10/31/03,,,,,,,,,,17.2,,,,,,,,,,,,
11/30/03,,,,,,,,,,17.9,,,,,,,,,,,,
12/31/03,,,,,,,,,,18.1,,,,,3.02,,,,,,,
1/31/04,,,,,,,,,,7.2,,,,,,,,,,,,
2/29/04,,,,,,,,,,23.2,,,,,,,,,,,,
3/31/04,,,,,,,,,,19.4,,,,,-0.07,,,,,,,
4/30/04,,,,,,,,,,19.1,,,,,,,,,,,,
5/31/04,,,,,,,,,,17.5,,,,,,,,,,,,
6/30/04,,,,,,,,,,16.2,,,,,-1.47,,,,,,,
7/31/04,,,,,,,,,,15.5,,,,,,,,,,,,
8/31/04,,,,,,,,,,15.9,,,,,,,,,,,,
9/30/04,,,,,,,,,,16.1,,,,,0.16,,,,,,,
10/31/04,,,,,,,,,,15.7,,,,,,,,,,,,
11/30/04,,,,,,,,,,14.8,,,,,,,,,,,,
12/31/04,,,,,,,,,,14.4,,,,,0.14,,,,,,,
1/31/05,,,,,,,,,,20.9,,,,,,,,54.7,60.7,,,
2/28/05,,,,,,,,,,7.6,,,,,,,,-0.2,0.8,,,
3/31/05,,,,,,,,,,15.1,,,,,-2.27,,,3.4,2,,,
4/30/05,,,,,,,,,,16,,,,,,,,-1.2,-2.2,,,
5/31/05,,,,,,,,,,16.6,,,,,,,,-3.8,-5.7,,,
6/30/05,,,,,,,,,,16.8,,,,,-0.75,,,-1.2,-2.2,,,
7/31/05,,,,,,,,,,16.1,,,,,,,,-0.6,-0.2,,,
8/31/05,,,,,,,,,,16,,,,,,,,1.5,1.8,,,
9/30/05,,,,,,,,,,16.5,,,,,0.33,,,2.5,3.4,,,
10/31/05,,,,,,,,,,16.1,,,,,,,,-1,-0.3,,,
11/30/05,,,,,,,,,,16.6,,,,,,,,0,-0.1,,,
12/31/05,,,,,,,,,,16.5,,,,,-0.34,,,0.2,0.9,,,
1/31/06,,,,,,,,,,12.6,,,,,,,,-2.2,-3.2,,,
2/28/06,,,,,,,,,,20.1,,,,,,,,0,0,,,
3/31/06,,,,,,,,,,17.8,,,,,-0.2,,,3.2,5,,,
4/30/06,,,,,,,,,,16.6,,,,,,,,2.8,4.4,,,
5/31/06,,,,,,,,,,17.9,,,,,,,,-3.3,-4.1,,,
6/30/06,,,,,,,,,,19.5,,,,,4.4,,,-0.7,-3.7,,,
7/31/06,,,,,,,,,,16.7,,,,,,,,-1.7,-2.9,,,
8/31/06,,,,,,,,,,15.7,,,,,,,,0.7,2.9,,,
9/30/06,,,,,,,,,,16.1,,,,,0.8,,,3.9,5.4,,,
10/31/06,,,,,,,,,,14.7,,,,,,,,-2.3,-3,,,
11/30/06,,,,,,,,,,14.9,,,,,,,,0.6,-0.1,,,
12/31/06,,,,,,,,,,14.7,,,,,2.7,,,-0.5,-0.7,,,
1/31/07,,,,,,,57.3,,,24.71,,,,,,,,0.3,0.7,,,
2/28/07,,,,,,,0.6,,,12.6,,,,,,,,-2,-2.5,,,
3/31/07,,,,,,,-1,,,17.6,,,,,0.3,,,3,3.7,,,
4/30/07,,,,,,,0.3,,,17.4,,,,,,,,2.5,4.3,,,
5/31/07,,,,,,,0.3,,,18.1,,,,,,,,-2.9,-4.7,,,
6/30/07,,,,,,,-1.2,,,19.4,,,,,6.3,,,-1.2,-3,,,
7/31/07,,,,,,,-0.6,,,18,,,,,,,,-1.2,-1.4,,,
8/31/07,,,,,,,1.3,,,17.5,,,,,,,,0.7,0.3,,,
9/30/07,,,,,,,0.9,,,18.9,,,,,-1.3,,,2.1,4.4,,,
10/31/07,,,,,,,-0.3,,,17.9,,,,,,,,-2.9,-4.3,,,
11/30/07,,,,,,,0.6,,,17.3,,,,,,,,2.2,3,,,
12/31/07,,,,,,,-1,,,17.4,,,,,-1.1,,,-0.1,0.2,,,
1/31/08,,,,,,,-0.9,51.5,,15.4,,,,,,,,-2.3,-4.4,,,
2/29/08,,,,,33.2,36.8,-1.5,7.1,,15.4,,,,,,,,0.4,1.7,,,
3/31/08,,,,,42.7,30.8,1,-2,,17.8,,,,,-7.4,,,5,6.9,,,
4/30/08,,,,,2.2,1.9,-1.6,3.3,,15.7,,,,,,,,0.8,1.2,,,
5/31/08,,,,,-7.6,-4.9,-0.8,-3.9,,16,,,,,,,,-5.9,-9.6,,,
6/30/08,,,,,1,-5,-1,-0.2,,16,,,,,1.2,,,-1.3,-2.8,,,
7/31/08,,,,,-3.2,0.2,-0.7,-4,,14.7,,,,,,,,-3.6,-6.4,,,
8/31/08,,,,,-4.4,1.7,-0.6,-8.2,,12.8,,,,,,,,0,-0.2,,,
9/30/08,,,,,-0.7,-4.9,0.5,-3.8,,11.4,,,,,-8.8,,,2.8,5.3,,,
10/31/08,,,,,0.5,1,-2.1,-9.2,,8.2,,,,,,,,-6.6,-9.6,,,
11/30/08,,,,,-6.4,-12.4,-2.8,1.4,,5.4,,,,,,,,-5.8,-9.4,,,
12/31/08,,,,,-1.9,-0.1,-0.3,17.9,,5.7,,,,,-21.6,,,2.4,5,,,
1/31/09,,,,,,-10.2,3.9,8.8,,-2.93,,,,,,,,4.1,7.7,,,
2/28/09,,,,,,11.8,0.7,-7.7,,11,,,,,,,,3.7,5.4,,,
3/31/09,,,,,25.2,14.5,0.5,-5.2,,8.3,,,,,-1.4,,,3.4,4.2,,,
4/30/09,,,,,-0.5,1.5,-1.5,4.5,,7.3,,,,,,,,1.1,2,,,
5/31/09,,,,,-0.5,0.5,2.3,6.2,,8.9,,,,,,,,-0.4,-0.4,,,
6/30/09,,,,,,,-0.7,3.8,,10.7,,,,,10.3,,,0.1,-0.7,,,
7/31/09,,,,,,,2.2,4.5,,10.8,,,,,,,,0.1,0,,,
8/31/09,,,,,,-4.4,0,-5.9,,12.3,,,,,,,,0.7,0.8,,,
9/30/09,,,,,,-0.5,0.8,-12.8,,13.9,,,,,8.5,,,0.3,0.5,,,
10/31/09,,,,,,-1.7,0.4,4.7,,16.1,,,,,,,,0.9,1.7,,,
11/30/09,,,,,,-2.9,-0.3,1.7,,19.2,,,,,,,,0,-0.1,,,
12/31/09,,,,,3.4,0.9,0.6,2.1,,18.5,,,,,6.2,,,1.4,2.6,,,
1/31/10,,,,,-21.2,-12.9,-1,-0.2,,29.2,,,,,,,,-0.8,-1.1,,,
2/28/10,,,,,-13.2,-9.5,-0.8,4.3,,12.8,,,,,,,,-3.8,-6.2,,,
3/31/10,,,,,,30,-0.1,-5.5,,18.1,,,,,2.3,,,3.1,4.4,,,
4/30/10,,,,,,5.4,0.9,4.1,,17.8,,,,,,,,0.6,1.2,,,
5/31/10,,,,,,-3.7,-0.3,-7.3,,16.5,,,,,,,,-1.8,-4.5,,,
6/30/10,,,,,-0.9,-1.2,0.5,-5.7,,13.7,,,,,3,,,-1.8,-2.7,,,
7/31/10,,,,,-0.8,-2.7,-1.3,1.1,,13.4,,,,,,,,-0.9,-1.2,,,
8/31/10,,,,,-4.8,0.5,1.2,8,,13.9,,,,,,,,0.5,2.2,,,
9/30/10,,,,,3.6,-1.5,-0.1,-2.6,,13.3,,,,,2,,,2.1,3.2,,,
10/31/10,,,,,-4.6,-5.1,0.5,1,,13.1,,,,,,,,0.9,1.9,,,
11/30/10,,,,,-4.4,-3.9,-0.2,-1.6,,13.3,,,,,,,,0.5,0.1,,,
12/31/10,,,,,0.2,0.2,0.4,5.2,,13.5,,,,,0.1,,,-1.3,-2.9,,,
1/31/11,,,,,-20.4,-14.1,-1.1,-2.4,,13.3,,,,,,,,-1,-0.5,,,
2/28/11,,,,,-3,4.9,0.2,7,,14.9,,-15.00897605,,,,,,-0.7,-0.6,,,
3/31/11,,,,,38.3,22.4,0.3,-13.8,,14.8,,28.5018955,,,2.3,,,1.2,0.9,,,
4/30/11,,,,,-1.2,1.7,0,6.7,,13.4,,-5.574764474,,,,,,-0.5,-1.4,,,
5/31/11,,,,,-4.1,-3.1,0.2,1,,13.3,,4.142331745,,,,,,-0.9,-1.7,,,
6/30/11,,,,,2.1,1.4,-1.1,-3.5,,15.1,,10.59915158,,,-2.4,,,-1.1,-1.3,,,
7/31/11,,,,,-3.1,-1.4,0.4,4,,14,,-8.989098912,,,,,,-0.2,0.3,,,
8/31/11,,,,,-6.1,-8.3,0,-4.4,,13.5,,1.933276381,,,,,,0.2,0,,,
9/30/11,,,,,,-1.5,-3.7,-0.4,,13.8,,6.568016686,,,-2.3,,,0.3,0.2,,,
10/31/11,,,,,,-3.9,0.9,-4.8,,13.2,,-2.893959709,,,,,,-0.8,-0.8,,,
11/30/11,,,,,-4.1,-2.9,0.3,-2.2,,12.4,,4.59097013,,,,,,-1.4,-2.7,,,
12/31/11,,,,,0,-1,0,7.6,,12.8,,7.038079676,,,-7.8,128.2,127.6,1.3,2,,,
1/31/12,,,,,,-14.5,0.8,-2.3,,2.8,,-28.09831267,,,,,,0.2,0.6,,,
2/29/12,,,56,,,17.4,0.5,-5.1,,21.3,,1.472780671,,,,,,0.5,0.6,,,
3/31/12,,,1.4,52.8,8,6.8,0.8,6.5,,11.9,,20.46500083,,,-0.5,-7.9,4.4,2.1,4.1,,,
4/30/12,,,-2.4,-0.5,-1.4,-2,-0.8,6.4,,9.3,,-7.931488153,,,,,,0.2,-0.6,,,
5/31/12,,,-0.7,-0.2,-1.1,-0.1,-0.2,-6.9,,9.6,,4.374120326,,,,,,-2.9,-4.7,,,
6/30/12,,,2.1,1.5,-1.1,0,1.2,0.4,,9.5,,10.53605157,,,-0.4,2.9,-2.6,-0.2,-0.6,,,
7/31/12,,,-2,-1.4,2.3,2.8,-0.5,-4.7,,9.2,,-9.227774525,,,,,,-0.1,-0.2,,,
8/31/12,,,0.7,-0.1,0.7,-1.7,-0.5,-4.6,,8.9,,1.611638428,,,,,,-0.9,-0.3,,,
9/30/12,,,-2.5,-1.3,-3.1,0.4,-0.9,3.6,,9.2,,6.872638248,,,-4.1,-3.5,-4.6,0.6,1.1,,,
10/31/12,,,1.8,-0.1,2.2,-0.3,-0.2,9.2,,9.6,,-2.570058311,,,,,,0.4,0.6,,,
11/30/12,,,-0.2,1.3,1.1,2.7,1.6,-3.5,,10.1,,5.075716295,,,,,,0.4,0.8,,,
12/31/12,,,0.5,1.6,0.6,-0.9,1.1,6.3,,10.3,,7.228680975,,,1.6,4.4,-0.2,0,0,,,
1/31/13,,,0.2,-0.6,-0.3,-0.5,-0.6,-6.2,,17.7,,-21.60596964,,,,,,-0.2,0.4,,,
2/28/13,,,-1.3,-1.8,-3.6,-2.7,-1.9,9.6,,2.2,,-12.61159777,,,,,,-0.3,-1.5,,,
3/31/13,75.3,,0.3,0.2,4.5,0.4,0.2,-14.3,,8.9,,26.77030712,,,1.2,-5.1,5.3,0.8,2.2,,,
4/30/13,,,-1.4,-1.6,-0.1,0.6,-1.1,0.5,,9.3,,-7.573640837,,,,,,-0.3,-0.6,,,
5/31/13,,49.65,-0.2,-0.6,-0.2,-1.6,-0.8,1.7,,9.2,,4.311676314,,,,,,0.2,0.1,,,
6/30/13,-0.1,0.7,0.3,0.7,-2.9,-1.7,0.2,,5.8,8.9,6.6,10.23416454,,9.6,-5,-2,-6.9,-0.7,-1.4,,,
7/31/13,,-0.42,0.4,0.1,-0.8,0,0,,5.5,9.7,8.6,-8.515780834,,10.5,,,,0.2,0.2,,,
8/31/13,,0.65,-0.5,-0.1,1,3.4,0.6,0.9,5.8,10.4,12.5,2.270328198,,10.9,,,,0.7,1.8,,,
9/30/13,0.7,1.07,1.4,2.9,2,0.6,2.5,-4.2,4.9,10.2,9.3,6.720512912,,11.1,0.9,0.9,0.9,0.1,0.4,,,
10/31/13,,-0.73,0.9,-1.7,0.5,-2,-1.8,-1.7,4.3,10.3,7.6,-2.467568653,,11.4,,,,0.3,-0.3,,,
11/30/13,,0.36,-0.7,-0.8,1.5,0.1,-0.6,1.5,5.6,10,6.9,4.743436627,,11,,,,0,-0.2,,52.65,
12/31/13,0.9,-0.13,-1.6,-0.6,-0.9,2.1,0,-1.3,5.4,9.7,6,6.965446595,,10.7,-2,2.3,-4.8,-0.4,-0.3,,0.39,
1/31/14,,-0.45,-1,-0.1,-1.6,-0.1,-0.1,-7,,8.5,,-22.70090374,,,,,,-0.5,-1.1,,-11.58,
2/28/14,,-0.3,2.3,0.9,-1.1,-0.9,0.5,-0.8,,8.8,,-12.3512041,,,,,,-0.3,-0.4,,3.32,
3/31/14,-1.4,0.06,-1,-0.4,1.4,-1,-0.6,4.3,2.9,8.8,5.4,26.82124309,,9.9,,,,0.1,0.1,,16.34,
4/30/14,,-0.04,0.6,0.6,-0.4,-2.5,0,8.4,4.5,8.7,3.4,-7.658577644,,9.8,,,,0.1,0.6,,-3.14,
5/31/14,,0.24,1,1.8,-1.1,2,1.9,-6.2,4.3,8.8,4.6,4.388531513,,9.9,,,,0.4,1.1,,-5.14,
6/30/14,0.1,0.34,-0.9,-2.1,0.8,-1.2,-2,1.9,7.9,9.2,4.7,10.57067161,,9.8,,,,0.2,0.5,,-5.35,
7/31/14,,0.33,-0.3,0.1,-2.4,-0.6,0,0.3,6.2,9,1.9,-8.650173628,,10,,,,0.7,0.8,,-2.76,
8/31/14,,0.14,0.4,0.1,-0.5,-4.1,-0.7,-0.2,4.2,6.9,-0.6,0.271370587,,8,,,,-0.6,-1.1,,3.28,
9/30/14,-0.3,-0.3,-1.1,-1.2,2.5,2.5,-0.5,-4.8,3.9,8,2.8,7.753801006,,9.1,,,,0,-0.3,,0.28,
10/31/14,,-0.05,0.1,0.2,-1.7,6.4,1.5,2.4,4.7,7.7,2.9,-2.732931448,,8.5,,,,-0.3,-0.6,,2.5,
11/30/14,,-0.24,0,-0.2,0.4,-3.5,-0.9,-2.7,3,7.2,3.2,4.288172748,,8.1,,,,-0.5,-0.7,,-3.3,
12/31/14,0.9,-0.83,0.7,0.2,-1.8,1.1,0.4,0.8,3.4,7.9,3.7,7.604612799,,8.9,,,,-0.2,-0.5,,-2.85,
1/31/15,,0.05,-0.4,0.6,-0.2,-3.6,-0.3,-1.1,,9.6,,-21.13427461,,,,,,-0.3,-0.2,,1.48,
2/28/15,,-0.33,0.3,0.7,-0.4,1.9,1,2.1,,3.6,,-17.99216121,,,,,,0.1,0.2,,-19.68,
3/31/15,-1.9,0.16,-0.9,-1.7,2.4,2.4,-0.9,-2.1,1.4,5.6,-1.1,28.76820725,,6.7,,,,0.2,-0.2,,33.2,
4/30/15,,0.32,0.1,0.3,-1.4,-7.4,-1.2,5.2,2.8,5.9,2,-7.37175759,,6.5,,,,0,0,,-4.84,
5/31/15,,0.02,-0.4,-0.4,0.4,3.9,0.4,-5.8,3.9,6.1,2.2,4.540165578,,6.7,,,,0.1,0.4,,-6.08,
6/30/15,0.1,0.07,0.3,1.7,4.2,2.8,1.8,-5,2.7,6.8,2.1,11.22557489,,7.7,,,,0,-0.5,,-6.49,
7/31/15,,-0.21,0.5,-1,-2,-2.6,-1.2,3.6,5.6,6,-0.2,-9.414399891,,6.6,,,,-0.2,-0.2,,-0.34,
8/31/15,,-0.13,-0.2,-0.8,-2.3,1.7,-0.5,3.7,4,6.1,1.9,0.383877631,,6.8,,,,-0.3,-0.2,,-0.77,
9/30/15,-0.3,-0.2,0.4,1.3,-2.6,-3.5,0.6,-1,1.2,5.7,0.7,7.383426201,,6.7,,,,0.1,0.5,,6.13,
10/31/15,,-0.75,-0.7,-1.4,1.9,5.5,1,-1.5,0.4,5.6,-0.3,-2.827255982,,6.7,,,,0,0.1,,2.31,
11/30/15,,0.75,0.5,1.4,1,-5.6,-1,-5.2,0.3,6.2,2.2,4.823799106,,7.2,,,,-0.2,-0.5,,-1.69,
12/31/15,0.6,,0.9,0.9,0.2,5.5,1.5,3.6,1.4,5.9,-0.8,7.340174277,,7,,,,0.1,0.4,,0.89,
1/31/16,,,-1,-2.2,-0.5,-1.9,-2.1,6.1,,5.865724,,-21.15951485,,,,,,-0.3,-0.7,,-5.45,
2/29/16,,-0.23,-0.5,-0.2,-2.6,-5,-0.9,2.3,,4.906937,,-18.90195055,,,,,,-0.4,-0.9,,-11.71,
3/31/16,-1.7,0.03,0.9,2,2.8,2.4,2.1,0.7,3.1,6.8,4.8,30.54665356,,7.2,,,,1.2,2.8,,27.74,
4/30/16,,0.85,-0.6,-2.4,1.4,-0.5,-2.1,7.6,0.1,6,1.9,-8.103349345,,6.9,,,,-0.1,-0.4,,-4.84,
5/31/16,,-0.17,-0.5,0.2,0,2.1,0.5,-6.4,-2.3,6,2.4,4.534781998,,7.2,,,,0,-0.3,,-2.68,
6/30/16,0.2,-0.45,0.2,0.8,2.6,6.7,1.6,-5.8,-2.4,6.2,4,11.39442593,,7.2,0.7,3.2,-0.9,-0.1,-0.2,,-4.96,
7/31/16,,0.27,0.4,-0.7,-0.9,-2.3,-0.9,5.1,-3.1,6,7.4,-9.563990449,,7,,,,-0.1,-0.1,,-1.73,
8/31/16,,-0.05,0.1,0.9,-2.9,-5.7,-0.1,-0.1,-1.3,6.3,7,0.662852683,,6.8,,,,0.5,0.9,,2.24,
9/30/16,0.1,0.7,-0.4,1,3.7,5.1,1.6,-0.6,0.1,6.1,7.3,7.183168109,,6.5,3.5,3.7,3.4,0,-0.4,,2.08,
10/31/16,,-0.28,0.3,-0.2,-0.1,-1.7,-0.5,1.2,-2.2,6.1,7.9,-2.834656915,,6.7,,,,0.8,1.9,,1.09,
11/30/16,,0.76,1.1,0.8,-1.4,0.9,0.9,0.3,-2.9,6.2,9.9,4.936504202,,6.7,,,,0.5,0.4,,3.54,
12/31/16,0.6,0.47,-0.5,-0.3,1.5,4.1,0.3,-3.4,-2.5,6,8,7.128908375,,6.3,2.2,5.7,-0.2,-0.3,0,,-0.52,
1/31/17,,-0.05,0.3,-0.6,-0.8,-2.1,-0.8,2.1,,2.93725,,-24.0884086,,,,,,-0.1,-0.4,,-11.52,54
2/28/17,,,-0.3,0.2,-1,-2.3,-0.1,1.7,,10.322581,,-11.97304559,,,,,,0.3,0.2,,6.08,0
3/31/17,2,,1,1.2,0.4,-1.5,0.7,-0.8,-0.8,7.6,9.7,28.05293597,,8,9.9,4.8,13.3,0.2,0.3,,11.86,0.7
4/30/17,,-0.05,-1.6,-2,1.1,2.1,-1.4,-1.5,-0.4,6.5,7.8,-9.128736006,,6.9,,,,-0.6,-1,,-4.39,-0.8
5/31/17,,-0.7,0.9,0.6,-1.2,-1.3,0.4,5.7,0.5,6.5,6.4,4.552958967,,6.9,,,,0,0,,-4.28,0.2
6/30/17,1,0,0.3,0.4,1,1.3,0.5,-0.7,-0.1,7.6,7.3,12.38021356,,8,-0.3,1.3,-1.3,0.5,0.8,,-2.12,0.6
7/31/17,,0.5,-0.7,-0.5,1.1,0.6,-0.3,0.8,-1.3,6.4,9.8,-10.66097351,,6.7,,,,-0.3,-0.3,,-1.42,-0.6
8/31/17,,0,-0.5,0.1,-4.5,-1.5,-0.2,2.3,-3.4,6,8.7,0.283688134,,6.9,,,,0.3,0.3,,-0.34,-0.4
9/30/17,0,0.27,1.8,1.2,3.1,2.4,1.4,-3.5,-3.8,6.6,7.8,7.738063623,,8.1,0.4,1,-0.1,0.7,1.7,,5.83,1.4
10/31/17,,0.23,-0.9,-1,-2.6,-2.8,-1.2,-1.4,-1.3,6.2,9.2,-3.19686254,,6.7,,,,-0.8,-1.9,,2.53,-1.2
11/30/17,,-0.5,0.1,0.7,2.9,1,0.7,0.8,-1.7,6.1,4.5,4.809381225,,6.8,,,,0.2,0.7,,2.63,0.7
12/31/17,1.2,0.2,-0.2,-0.3,2.5,3,0.2,-2.9,-0.9,6.2,8.2,7.263261042,,6.5,-0.1,1.7,-1.3,-0.2,-0.2,,-6.55,0
1/31/18,,-0.2,1,0.9,-3.4,-5.3,-0.1,0.7,,15.434501,,-15.76757596,,,,,,-0.3,-0.8,,-1.1,0
2/28/18,,-0.47,-0.6,-1.1,-3,-3.3,-1.4,-1.4,,-2.119883,,-28.46902976,,,,,,-1,-1.6,,-22.05,-1.7
3/31/18,-1.5,-0.4,-0.2,-0.9,3.2,2.5,-0.4,1.1,-1.1,6,5.8,36.04021193,,6.6,3.2,-1.3,6.2,1.2,2.3,,38.06,1.1
4/30/18,,0.9,0.2,0.5,-0.1,3.6,1,1.1,-0.2,7,8.8,-8.191077086,,7.4,,,,-0.1,-0.4,,-11.03,0.1
5/31/18,,-0.23,0.2,0.1,-0.5,-1.4,-0.1,-1.1,3,6.8,12.2,4.368955804,,6.6,,,,0.5,0.9,,-4.08,0.5
6/30/18,0.3,0.5,0,-0.1,0.6,-1.6,-0.4,1,2.7,6,9.2,11.63389921,,6,-2.1,-0.3,-3.3,-0.4,-0.6,,-4.23,-0.2
7/31/18,,-0.4,-1,-0.2,-1.2,3.8,0.4,3.2,1.3,6,9,-10.66458629,,6.2,,,,-0.3,-0.9,,-5.16,-0.8
8/31/18,,-0.17,0.4,0.6,-0.5,-6.8,-0.4,-1.4,2,6.1,9.9,0.374432104,,6.1,,,,0.1,-0.1,,2.99,0.2
9/30/18,-0.3,0.37,0,-0.6,4.4,6.1,0.4,-1.4,2.2,5.8,11,7.456549847,11.2,5.7,-1.8,-1,-2.3,-0.5,-0.2,,11.02,0.3
10/31/18,,-0.73,-1.3,-1,0.5,0.5,-0.9,0.1,3.8,5.9,6.8,-3.120535032,12.4,6.1,,,,-0.6,-1.2,,-1.07,-1
11/30/18,,-0.57,0.3,-0.2,-4.6,0.3,0,-6.9,2.3,5.4,9.8,4.351774422,10.8,5.6,,,,-0.2,-0.4,,-4.9,-0.3
12/31/18,-0.5,,-0.1,0.4,3.3,0,0.3,0.4,3.6,5.7,9.6,7.494672247,10.4,5.5,-2.5,0.3,-4.3,-0.6,-0.7,,-5,-0.2
1/31/19,,,1.3,0.9,-1.7,-0.7,0.6,5.9,,6.797753,,-14.69859748,,,,,,0.1,-0.1,,-4.39,0.6
2/28/19,,-0.2,-0.1,0.3,-1.7,-3.8,-0.3,-0.9,,3.360717,,-31.74022063,,,,,,-0.3,1,,-9.82,-0.8
3/28/19,,,,,,,,,,,,,,,,,,,,48.91,,
3/31/19,-0.1,0.8,0.1,1,2.5,5.9,1.8,-3.8,4.6,8.5,7.7,40.88313051,10,9,6.4,0.8,10.1,1.3,1,,32.29,1.6
4/18/19,,,,,,,,,,,,,,,,,,,,0.1,,
4/25/19,,,,,,,,,,,,,,,,,,,,0.24,,
4/30/19,,0.65,-0.3,-1.3,-1.6,-3.3,-1.7,5.3,2.9,5.4,9.5,-11.05481092,11.2,5.3,,,,-0.4,-0.2,,-11.27,-0.6
5/16/19,,,,,,,,,,,,,,,,,,,,-0.29,,
5/30/19,,,,,,,,,,,,,,,,,,,,-0.35,,
5/31/19,,-0.65,0.2,-0.2,-1.5,-2.5,-0.5,-2.1,3.9,5,5.9,3.994225109,9.4,5,,,,-0.7,-1.6,,-6.25,-0.1
6/21/19,,,,,,,,,,,,,,,,,,,,-0.03,,
6/27/19,,,,,,,,,,,,,,,,,,,,0.32,,
6/30/19,0.5,,-0.1,0.7,0.1,3.9,1.2,-1.8,7.3,6.3,6.6,12.84308231,9.6,6.2,-3.4,-1.3,-4.8,0,-0.2,,-3.12,-0.3
7/4/19,,,,,,,,,,,,,,,,,,,,0.59,,
7/19/19,,,,,,,,,,,,,,,,,,,,0.09,,
7/26/19,,,,,,,,,,,,,,,,,,,,2.17,,
7/31/19,,,-0.5,-1,-0.5,-1.3,-1.1,-0.3,6.6,4.8,6.9,-12.07325557,6.6,4.5,,,,0.3,0.2,,-5.02,0.1
8/2/19,,,,,,,,,,,,,,,,,,,,-0.57,,
8/9/19,,,,,,,,,,,,,,,,,,,,-1.36,,
8/16/19,,,,,,,,,,,,,,,,,,,,-0.37,,
8/23/19,,,,,,,,,,,,,,,,,,,,0.6,,
8/30/19,,,,,,,,,,,,,,,,,,,,-0.65,,
8/31/19,,0.2,-0.4,-0.3,3,-0.8,-0.3,-3,3.7,4.4,5.9,-0.051137818,6.1,4.3,,,,-0.2,-0.1,,3.89,-0.1
9/6/19,,,,,,,,,,,,,,,,,,,,-0.46,,
9/27/19,,,,,,,,,,,,,,,,,,,,-0.5,,
9/30/19,0,-0.27,0.5,0.3,-3.6,1.2,0.4,-0.7,8.1,5.8,5.9,8.807645324,11,5.6,0.2,0.6,0,0.3,0.8,,15.41,0.1
10/18/19,,,,,,,,,,,,,,,,,,,,0.44,,
10/25/19,,,,,,,,,,,,,,,,,,,,-0.62,,
10/31/19,,0.42,-1.6,-1.3,2.8,-0.3,-1.1,-2.9,3.9,4.7,6.6,-4.16029395,8.3,4.6,,,,-0.5,-0.9,,-1.45,-1.1
11/1/19,,,,,,,,,,,,,,,,,,,,0.26,,
11/8/19,,,,,,,,,,,,,,,,,,,,-0.59,,
11/15/19,,,,,,,,,,,,,,,,,,,,0.58,,
11/22/19,,,,,,,,,,,,,,,,,,,,-0.04,,
11/29/19,,,,,,,,,,,,,,,,,,,,0.22,,
11/30/19,,-0.25,2.1,2.1,-0.8,1.2,1.9,4.1,5.7,6.2,6.7,5.786346038,8.9,6.3,,,,0.9,1.7,,2.24,1.7
12/6/19,,,,,,,,,,,,,,,,,,,,0.85,,
12/13/19,,,,,,,,,,,,,,,,,,,,-0.23,,
12/20/19,,,,,,,,,,,,,,,,,,,,-0.15,,
12/27/19,,,,,,,,,,,,,,,,,,,,-0.02,,
12/31/19,1.1,0.67,-0.5,-0.5,-2.9,-3.1,-0.9,-2.3,5.6,6.9,6.8,8.138884129,10,7,-0.6,2.8,-2.9,0,-0.1,,-7.8,-0.3
1/3/20,,,,,,,,,,,,,,,,,,,,-0.22,,
1/10/20,,,,,,,,,,,,,,,,,,,,-0.22,,
1/17/20,,,,,,,,,,,,,,,,,,,,-1.16,,
1/31/20,,-0.27,0.1,0,3,0.9,0.2,4,,-4.313519,,-25.78291093,,,,,,-0.2,0.2,,-21.22,-0.4
2/21/20,,,,,,,,,,,,,,,,,,,,-0.37,,
2/28/20,,,,,,,,,,,,,,,,,,,,0.12,,
2/29/20,,,-23,-23,-33.1,-30,-24.1,-10.5,,-25.867052,,-57.26191528,,,,,,-14.3,-22.1,,-6.71,-24.1
3/6/20,,,,,,,,,,,,,,,,,,,,0.53,,
3/13/20,,,,,,,,,,,,,,,,,,,,-0.66,,
3/20/20,,,,,,,,,,,,,,,,,,,,-0.24,,
3/27/20,,,,,,,,,,,,,,,,,,,,-0.54,,
3/31/20,-10.2,,21.7,22.3,28.5,24.6,22.7,5.6,4.2,-1.1,-1.6,69.70382361,8.9,-1.8,-34.5833,-50.662,-23.8975,16.3,22.7,,39.76,24.1
4/3/20,,,,,,,,,,,,,,,,,,,,-0.05,,
4/10/20,,,,,,,,,,,,,,,,,,,,0.25,,
4/17/20,,,,,,,,,,,,,,,,,,,,0.1,,
4/24/20,,,,,,,,,,,,,,,,,,,,-0.04,,
4/30/20,,7.6,0.3,2.6,4.6,4.8,2.9,3.7,0.3,3.9,0.2,-6.104946933,10.5,5,,,,-1.2,-1.8,,-7.11,0.4
5/15/20,,,,,,,,,,,,,,,,,,,,1.45,,
5/22/20,,,,,,,,,,,,,,,,,,,,-0.47,,
5/29/20,,,,,,,,,,,,,,,,,,,,-0.14,,
5/31/20,,1.05,0.2,-0.2,1.1,4.8,0.5,5,1.1,4.4,3.6,4.440689236,8.9,5.2,,,,-0.2,0.7,,-3.02,0
6/5/20,,,,,,,,,,,,,,,,,,,,-0.13,,
6/12/20,,,,,,,,,,,,,,,,,,,,0.03,,
6/19/20,,,,,,,,,,,,,,,,,,,,0.68,,
6/30/20,7.1,-1.05,1.1,0.6,-1,-2.8,0.1,-1.6,1.7,4.8,5.5,13.24819774,10,5.1,20.9006,31.754,13.665,0.3,0.5,,2.25,0.8
7/9/20,,,,,,,,,,,,,,,,,,,,-0.36,,
7/16/20,,,,,,,,,,,,,,,,,,,,-0.93,,
7/23/20,,,,,,,,,,,,,,,,,,,,0.37,,
7/30/20,,,,,,,,,,,,,,,,,,,,-0.08,,
7/31/20,,0.4,-0.3,-1.3,0.7,-0.6,-1.2,-0.1,-2.6,4.8,1.7,-12.07055901,9.8,6,,,,0.2,0.3,,-8.55,-0.1
8/6/20,,,,,,,,,,,,,,,,,,,,0.58,,
8/13/20,,,,,,,,,,,,,,,,,,,,-0.26,,
8/20/20,,,,,,,,,,,,,,,,,,,,-0.24,,
8/27/20,,,,,,,,,,,,,,,,,,,,-1.54,,
8/31/20,,1,1.2,0.5,-0.3,1.8,0.8,-2.2,1.6,5.6,5.8,0.680605447,7.6,6,,,,-0.1,0.3,,0.46,0.4
9/3/20,,,,,,,,,,,,,,,,,,,,1.16,,
9/10/20,,,,,,,,,,,,,,,,,,,,0.06,,
9/17/20,,,,,,,,,,,,,,,,,,,,-0.16,,
9/24/20,,,,,,,,,,,,,,,,,,,,-0.89,,
9/30/20,2.3,-0.27,0.9,2,0,0.5,1.7,-3.1,2.2,6.9,4.5,10.04064038,7.8,7.6,12.0365,13.238,11.2355,0.5,0.8,,9.8,0.6
10/22/20,,,,,,,,,,,,,,,,,,,,0.19,,
10/29/20,,,,,,,,,,,,,,,,,,,,1.32,,
10/31/20,,-0.23,0.3,-0.6,-0.4,-3.8,-1,1.9,3.5,6.9,4,-4.16074329,6.3,7.5,,,,-0.1,0,,0.86,0.2
11/5/20,,,,,,,,,,,,,,,,,,,,0.76,,
11/12/20,,,,,,,,,,,,,,,,,,,,-0.91,,
11/19/20,,,,,,,,,,,,,,,,,,,,0.37,,
11/26/20,,,,,,,,,,,,,,,,,,,,1.69,,
11/30/20,,0.5,0.2,-0.3,0.7,0.9,-0.2,3.5,2,7,5.4,5.898406473,10.8,7.7,,,,0.7,1.1,,-2.67,0.4
12/3/20,,,,,,,,,,,,,,,,,,,,-0.27,,
12/10/20,,,,,,,,,,,,,,,,,,,,-0.54,,
12/17/20,,,,,,,,,,,,,,,,,,,,1.02,,
12/24/20,,,,,,,,,,,,,,,,,,,,-0.74,,
12/31/20,1.3,0.8,-0.9,-1.4,0.2,1.8,-0.9,-3.5,4.9,7.3,6.1,8.420814065,13.1,7.7,0.7608,5.87,-2.903,-0.2,-0.3,,-4.54,-0.6
1/14/21,,,,,,,,,,,,,,,,,,,,-1.22,,
1/21/21,,,,,,,,,,,,,,,,,,,,-2.25,,
1/28/21,,,,,,,,,,,,,,,,,,,,-2.35,,
1/31/21,,-1,-3.7,-2.9,-0.7,-4.6,-3.2,-1.5,,25.398571,,-10.20230806,,,,,,-0.6,-1.3,,-10.24,-2.3
2/4/21,,,,,,,,,,,,,,,,,,,,-1.48,,
2/28/21,,-0.6,-0.3,-0.2,-5.3,2.2,0.2,4.3,,52.339181,,-37.80068919,,,,,,-0.7,-0.8,,-11.8,-1.2
3/4/21,,,,,,,,,,,,,,,,,,,,2.02,,
3/11/21,,,,,,,,,,,,,,,,,,,,-0.18,,
3/18/21,,,,,,,,,,,,,,,,,,,,-0.46,,
3/25/21,,,,,,,,,,,,,,,,,,,,0.74,,
3/31/21,-0.8,-0.4,4.4,7.3,7.6,5.6,7,-0.7,2.9,14.1,13.9,40.78082767,14.1,15.2,3.2854,-4,8.4,1.3,2.1,,38.44,3.7
4/1/21,,,,,,,,,,,,,,,,,,,,-0.29,,
4/8/21,,,,,,,,,,,,,,,,,,,,-0.71,,
4/15/21,,,,,,,,,,,,,,,,,,,,0.55,,
4/22/21,,,,,,,,,,,,,,,,,,,,-0.09,,
4/29/21,,,,,,,,,,,,,,,,,,,,-0.23,,
4/30/21,,1.8,-0.8,-4.1,-4.9,-6.6,-4.4,-2.5,3.2,9.8,10.3,-9.923275668,12.7,10.3,,,,-0.8,-1.6,,-14.53,-1.5
5/6/21,,,,,,,,,,,,,,,,,,,,1.08,,
5/13/21,,,,,,,,,,,,,,,,,,,,-0.26,,
5/20/21,,,,,,,,,,,,,,,,,,,,-0.13,,
5/27/21,,,,,,,,,,,,,,,,,,,,-0.45,,
5/31/21,,-1.6,-0.1,0.7,2.7,1.4,0.7,0.7,3.2,8.8,11,3.509131981,17.5,9,,,,-0.1,-0.7,,0.52,0.4
6/30/21,1.2,-0.15,-2,-2.6,0,-2.6,-2.6,-1,0.7,8.3,11.6,12.80148432,18,8.7,-1.4,0.5,-2.7,-0.1,0.2,,,-1.3
7/15/21,,,,,,,,,,,,,,,,,,,,0.78,,
7/22/21,,,,,,,,,,,,,,,,,,,,-1.08,,
7/29/21,,,,,,,,,,,,,,,,,,,,0.1,,
7/31/21,,0.75,0.2,0.3,-2.6,-1.2,0.1,-2,0.6,6.4,13.2,-13.85052473,15.6,6.2,,,,-0.5,-0.6,,,-0.5
8/5/21,,,,,,,,,,,,,,,,,,,,0,,
8/12/21,,,,,,,,,,,,,,,,,,,,-0.55,,
8/19/21,,,,,,,,,,,,,,,,,,,,-1.07,,
8/26/21,,,,,,,,,,,,,,,,,,,,0.77,,
8/31/21,,-0.2,-7.3,-9.2,3,1.4,-7.5,-1.3,2.5,5.3,6.3,-0.367478595,18.3,5.5,,,,-0.3,-1.3,,,-3.5
9/2/21,,,,,,,,,,,,,,,,,,,,0.29,,
9/9/21,,,,,,,,,,,,,,,,,,,,-0.21,,
9/16/21,,,,,,,,,,,,,,,,,,,,0.11,,
9/23/21,,,,,,,,,,,,,,,,,,,,-0.6,,
9/30/21,-1.3,-1.1,7.2,8.5,-3,-2.1,6.8,3.2,3.2,3.1,9.7,7.958240847,14,2.4,-4.6,-4.2,-4.8,-0.5,-0.3,,,2.8
10/21/21,,,,,,,,,,,,,,,,,,,,-0.27,,
10/28/21,,,,,,,,,,,,,,,,,,,,-0.63,,
10/31/21,,-0.1,-0.8,-0.6,-0.6,3,0,-6.7,6,3.5,11.1,-3.767494714,14.7,2.5,,,,-0.4,-0.5,,,-0.9
11/4/21,,,,,,,,,,,,,,,,,,,,-0.61,,
11/11/21,,,,,,,,,,,,,,,,,,,,-0.56,,
11/18/21,,,,,,,,,,,,,,,,,,,,0.85,,
11/25/21,,,,,,,,,,,,,,,,,,,,-0.58,,
11/30/21,,,-0.5,-0.5,2.2,1.9,-0.1,-1.7,6.2,3.8,11.1,6.16105849,15.1,2.9,,,,0.9,0.6,,3.19,1.4
12/2/21,,,,,,,,,,,,,,,,,,,,0.23,,
12/9/21,,,,,,,,,,,,,,,,,,,,-0.57,,
12/16/21,,,,,,,,,,,,,,,,,,,,-0.02,,
12/23/21,,,,,,,,,,,,,,,,,,,,-0.75,,
12/30/21,,,,,,,,,,,,,,,,,,,,0.21,,
12/31/21,0.3,,0.9,0.3,-2.8,-4.2,-0.5,2.1,7.3,4.3,7.2,9.606432765,12.1,3.8,0,2.6,-1.8,0.2,0.3,,-1.71,0
1/6/22,,,,,,,,,,,,,,,,,,,,0.33,,
1/13/22,,,,,,,,,,,,,,,,,,,,1.14,,
1/20/22,,,,,,,,,,,,,,,,,,,,-1.35,,
1/27/22,,,,,,,,,,,,,,,,,,,,-0.21,,
1/31/22,,-0.15,-1.7,-1.4,-0.9,3.3,-0.6,8.8,,3.857957,,-11.322315,,,,,,-0.2,-0.4,,-28.2,-1.2
2/17/22,,,,,,,,,,,,,,,,,,,,0.52,,
2/24/22,,,,,,,,,,,,,,,,,,,,0.69,,
2/28/22,,-0.3,0.2,-0.5,2.2,1.8,-0.2,-0.2,,12.795905,,-29.54510218,,,,,,0.1,1.4,,0.49,0.2
3/3/22,,,,,,,,,,,,,,,,,,,,-0.3,,
3/10/22,,,,,,,,,,,,,,,,,,,,-0.05,,
3/17/22,,,,,,,,,,,,,,,,,,,,-0.57,,
3/24/22,,,,,,,,,,,,,,,,,,,,0.1,,
3/31/22,-1.6,0.1,-3.8,-1.6,0.5,-3.9,-1.9,-3,12.2,5,4.6,33.63912026,13.8,4.4,-6.5,-11.2,-3.4,-0.7,-1.9,-0.94,30.23,-2.4
4/7/22,,,,,,,,,,,,,,,,,,,,-0.64,,
4/14/22,,,,,,,,,,,,,,,,,,,,-1.35,,
4/21/22,,,,,,,,,,,,,,,,,,,,1.72,,
4/28/22,,,,,,,,,,,,,,,,,,,,-0.11,,
4/30/22,,,-6.7,-8.7,-5.4,-5.9,-8.3,-3.8,9.5,-2.9,1.5,-17.77937353,4,-4.6,,,,-2.1,-6.2,,-24.09,-6.1
5/5/22,,,,,,,,,,,,,,,,,,,,0.3,,
5/12/22,,,,,,,,,,,,,,,,,,,,0.94,,
5/19/22,,,,,,,,,,,,,,,,,,,,-0.94,,
5/26/22,,,,,,,,,,,,,,,,,,,,0.12,,
5/31/22,,,7.1,7.7,-0.5,1.1,6.7,0.4,7,0.7,0.2,7.144227325,4.3,0.1,,,,2.2,5.6,,8.92,5.7
6/16/22,,,,,,,,,,,,,,,,,,,,-0.6,,
6/23/22,,,,,,,,,,,,,,,,,,,,1.17,,
6/30/22,-0.7,,7.2,10,4.4,4.4,9.1,-4.7,8.7,3.9,3.3,15.96079821,8.4,3.4,-10.9,-9.1,-12.1,0.6,2.2,0.37,-3.39,5.7
7/7/22,,,,,,,,,,,,,,,,,,,,-0.86,,
7/14/22,,,,,,,,,,,,,,,,,,,,0.96,,
7/21/22,,,,,,,,,,,,,,,,,,,,0.39,,
7/28/22,,,,,,,,,,,,,,,,,,,,-1.64,,
7/31/22,,,-1.5,-4.2,2.6,0.3,-3.5,-3.2,8.1,3.8,9.5,-13.95314657,5.9,2.7,,,,-1.2,-1.9,,-2.76,-1.6
8/4/22,,,,,,,,,,,,,,,,,,,,0.7,,
8/11/22,,,,,,,,,,,,,,,,,,,,-1.02,,
8/18/22,,,,,,,,,,,,,,,,,,,,0.68,,
8/25/22,,,,,,,,,,,,,,,,,,,,0.46,,
8/31/22,,-1,-0.9,-0.3,-2.7,2.3,0.1,13.1,5.3,4.2,13.6,0,4.6,3.1,,,,0.4,0.7,,1.88,-0.8
9/1/22,,,,,,,,,,,,,,,,,,,,-0.63,,
9/8/22,,,,,,,,,,,,,,,,,,,,-0.99,,
9/15/22,,,,,,,,,,,,,,,,,,,,1.04,,
9/22/22,,,,,,,,,,,,,,,,,,,,-0.16,,
9/29/22,,,,,,,,,,,,,,,,,,,,-1.2,,
9/30/22,0.5,,-3,-7.6,3.7,-1.6,-6.7,0.5,7.2,6.3,2.9,9.955749155,9.3,6.4,-1.2,0.8,-2.5,0.7,0.6,,10.01,-0.8
10/20/22,,,,,,,,,,,,,,,,,,,,0.51,,
10/27/22,,,,,,,,,,,,,,,,,,,,0.01,,
10/31/22,,,-1.9,0.1,-2,-2.9,-0.3,-2.3,4,5,4,-5.001042057,10.6,5.2,,,,-0.9,-1.7,,8.2,-1.9
11/3/22,,,,,,,,,,,,,,,,,,,,0.38,,
11/10/22,,,,,,,,,,,,,,,,,,,,1.9,,
11/17/22,,,,,,,,,,,,,,,,,,,,0.06,,
11/24/22,,,,,,,,,,,,,,,,,,,,-0.75,,
11/30/22,,,-1.9,-0.3,-2.8,-2,-0.5,-4.2,5.9,2.2,-1.5,3.469988782,2,2,,,,-1.2,-1.7,,-0.1,-1.9
12/1/22,,,,,,,,,,,,,,,,,,,,1.44,,
12/8/22,,,,,,,,,,,,,,,,,,,,0.19,,
12/15/22,,,,,,,,,,,,,,,,,,,,-0.71,,
12/22/22,,,,,,,,,,,,,,,,,,,,-2.28,,
12/29/22,,,,,,,,,,,,,,,,,,,,-0.76,,
12/31/22,0.1,,-5.7,-4,-1,1.9,-3.2,4.2,4.9,1.3,7,8.032375128,2.8,0.2,-1.7,-2.6,-1.1,-1,-2.5,,-27.91,-4.5
1/5/23,,,,,,,,,,,,,,,,,,,,0.56,,
1/12/23,,,,,,,,,,,,,,,,,,,,-1.06,,
1/19/23,,,,,,,,,,,,,,,,,,,,-1.69,,
1/31/23,,,14.6,14.2,2,8.6,13.4,2.3,,-9.793162,,-22.23008941,,,,,,3.1,7,,-6.92,10.3
2/9/23,,,,,,,,,,,,,,,,,,,,1.84,,
2/16/23,,,,,,,,,,,,,,,,,,,,-0.27,,
2/23/23,,,,,,,,,,,,,,,,,,,,0.85,,
2/28/23,,,1.6,3.1,3.8,4.7,3.3,3.5,,18.774816,,-2.032686389,,,,,,2.5,3.2,,24.71,3.5
3/2/23,,,,,,,,,,,,,,,,,,,,-0.79,,
3/9/23,,,,,,,,,,,,,,,,,,,,-0.18,,
3/16/23,,,,,,,,,,,,,,,,,,,,-0.86,,
3/23/23,,,,,,,,,,,,,,,,,,,,0.36,,
3/30/23,,,,,,,,,,,,,,,,,,,,-0.95,,
3/31/23,-1.4,,1.3,3.8,5.4,-11.9,1.5,-1.7,0.9,3.9,5.2,20.24924266,1.5,4.2,8.9,6.8,10.3,-0.7,-0.5,,13.81,0.6
4/6/23,,,,,,,,,,,,,,,,,,,,0.17,,
4/13/23,,,,,,,,,,,,,,,,,,,,-0.56,,
4/20/23,,,,,,,,,,,,,,,,,,,,1.01,,
4/27/23,,,,,,,,,,,,,,,,,,,,0.15,,
4/30/23,,,-1.8,-2.1,-1.7,3.3,-1.3,-3.4,0,5.6,4.8,-16.13266516,2.5,6.5,,,,-2.7,-4.8,,-12.32,-2.6
5/4/23,,,,,,,,,,,,,,,,,,,,-1.7,,
5/11/23,,,,,,,,,,,,,,,,,,,,0.49,,
5/18/23,,,,,,,,,,,,,,,,,,,,0.1,,
5/25/23,,,,,,,,,,,,,,,,,,,,0.37,,
5/31/23,,,-1.3,-6.9,-5.7,-4,-6.5,-9.8,-1.2,3.5,4.8,5.13620363,1.7,4.1,,,,-0.4,-0.5,,-7.36,-1.5
6/1/23,,,,,,,,,,,,,,,,,,,,0.3,,
6/8/23,,,,,,,,,,,,,,,,,,,,1.62,,
6/15/23,,,,,,,,,,,,,,,,,,,,0.55,,
6/30/23,0.2,-2,-1,0.1,-2.5,-0.8,0,14.7,1.5,4.4,4.9,16.8292392,2.7,4.8,-1.9,0,-3.2,0.2,0.3,,3.95,-0.6
7/6/23,,,,,,,,,,,,,,,,,,,,1.98,,
7/13/23,,,,,,,,,,,,,,,,,,,,0.36,,
7/20/23,,,,,,,,,,,,,,,,,,,,-0.41,,
7/27/23,,,,,,,,,,,,,,,,,,,,-1.88,,
7/31/23,,,-1.3,-1.2,-4.5,-2.4,-1.4,0,1.3,3.7,4.1,-14.63324138,0.7,3.9,,,,0.3,0.9,,-1.6,-1.2
8/3/23,,,,,,,,,,,,,,,,,,,,-1.07,,
8/10/23,,,,,,,,,,,,,,,,,,,,0.46,,
8/17/23,,,,,,,,,,,,,,,,,,,,-0.28,,
8/24/23,,,,,,,,,,,,,,,,,,,,-0.33,,
8/31/23,,,-1,-1,2.6,2.2,-0.6,-4.7,2.3,4.5,0.2,0.763686359,2.9,5.4,,,,0.4,0.7,-1.86,-10.87,0.2
9/7/23,,,,,,,,,,,,,,,,,,,,1.12,,
9/14/23,,,,,,,,,,,,,,,,,,,,0.14,,
9/21/23,,,,,,,,,,,,,,,,,,,,1.3,,
9/30/23,1.1,,0.4,0,2.4,1.5,0.3,0.6,1.5,4.5,3.5,9.968084965,2.3,5,2.7,3.6,2.2,0.5,0.3,,21.13,0.7
10/19/23,,,,,,,,,,,,,,,,,,,,0.27,,
10/26/23,,,,,,,,,,,,,,,,,,,,-0.57,,
10/31/23,,,-0.8,-1.2,-2.7,-0.8,-1.1,-0.2,2.9,4.6,1.5,-4.940244033,1.8,5.1,,,,-0.7,-1,,1.36,-1.3
11/2/23,,,,,,,,,,,,,,,,,,,,0.31,,
11/9/23,,,,,,,,,,,,,,,,,,,,1.68,,
11/16/23,,,,,,,,,,,,,,,,,,,,-0.23,,
11/23/23,,,,,,,,,,,,,,,,,,,,-0.16,,
11/30/23,,,-0.8,0.7,1.5,-0.6,0.5,2.6,3.9,6.6,9.9,5.3982601,6.2,6.7,,,,-0.1,-0.1,-0.32,-7.93,-0.3
12/7/23,,,,,,,,,,,,,,,,,,,,0.33,,
12/14/23,,,,,,,,,,,,,,,,,,,,1.5,,
12/21/23,,,,,,,,,,,,,,,,,,,,0.16,,
12/28/23,,,,,,,,,,,,,,,,,,,,-1.86,,
12/31/23,0.303011,,0,0.1,1.9,2,0.3,-2.2,4.7,6.8,7.3,8.18572184,6.4,7.1,0.4,1.7,-0.5,-0.4,-0.7,,-5.8,-0.1
1/4/24,,,,,,,,,,,,,,,,,,,,0.14,,
1/11/24,,,,,,,,,,,,,,,,,,,,-0.71,,
1/18/24,,,,,,,,,,,,,,,,,,,,0.31,,
1/25/24,,,,,,,,,,,,,,,,,,,,-0.21,,
1/31/24,,,0.8,0.7,-3,-3.9,0.1,0,,26.3,,-5.443766024,,,,,,0.2,0.3,,-3.71,0.6
2/1/24,,,,,,,,,,,,,,,,,,,,-1.54,,
2/29/24,,,0.9,-1,-0.4,0.6,-0.8,0,,-12.7,,-38.9658861,,,,,,-0.1,0,0.4,-14.41,0
3/7/24,,,,,,,,,,,,,,,,,,,,-0.96,,
3/14/24,,,,,,,,,,,,,,,,,,,,-1.05,,
3/21/24,,,,,,,,,,,,,,,,,,,,-0.99,,
3/28/24,,,,,,,,,,,,,,,,,,,,0.95,,
3/31/24,-2.303011,0.65,1.4,0.5,2.7,0.9,0.6,-1.8,0.2,4.5,4.9,38.22211175,7.6,5.1,0.1,-4.9,3.4,1.7,4,,36.01,1.8
4/18/24,,,,,,,,,,,,,,,,,,,,1.36,,
4/25/24,,,,,,,,,,,,,,,,,,,,-0.29,,
4/30/24,,,-2.1,-0.7,0.1,-2.9,-1.1,3.7,2,6.7,5.8,-14.04340607,11.3,7.5,,,,-0.4,-1.9,,-26.03,-1
5/16/24,,,,,,,,,,,,,,,,,,,,-1.37,,
5/23/24,,,,,,,,,,,,,,,,,,,,1.1,,
5/30/24,,,,,,,,,,,,,,,,,,,,-0.17,,
5/31/24,,,0.2,0.9,-1.9,-1.2,0.6,1.9,3.6,5.6,4.3,4.123428065,10,6,,,,-0.9,-1.5,,25.52,-0.7
6/6/24,,,,,,,,,,,,,,,,,,,,-0.57,,
6/13/24,,,,,,,,,,,,,,,,,,,,1.08,,
6/20/24,,,,,,,,,,,,,,,,,,,,0.45,,
6/27/24,,,,,,,,,,,,,,,,,,,,-0.69,,
6/30/24,1.3,-0.55,-0.3,-0.3,-2.1,0,-0.2,-2,4.4,5.3,4.8,16.52768706,8.8,5.5,,,,0,-0.1,,-1.96,-0.5
7/4/24,,,,,,,,,,,,,,,,,,,,-0.79,,
7/11/24,,,,,,,,,,,,,,,,,,,,1.55,,
7/31/24,,-0.35,,,,,,,,,,,,,,,,,,,,